{
    "metrics": {
        "checks": {
            "fails": 0,
            "passes": 420,
            "value": 0
        },
        "data_received": {
            "count": 81511,
            "rate": 224.93620980225427
        },
        "data_sent": {
            "count": 55440,
            "rate": 152.99117262010006
        },
        "http_req_blocked": {
            "avg": 3.9977396309523767,
            "max": 314.386655,
            "med": 0.006162000000000001,
            "min": 0.00353,
            "p(90)": 0.0093901,
            "p(95)": 0.01313
        },
        "http_req_connecting": {
            "avg": 3.602522864285714,
            "max": 155.174827,
            "med": 0,
            "min": 0,
            "p(90)": 0,
            "p(95)": 0
        },
        "http_req_duration": {
            "avg": 4938.893361233333,
            "max": 10160.48113,
            "med": 5151.5054115,
            "min": 148.086178,
            "p(90)": 9153.3910141,
            "p(95)": 10151.06800235
        },
        "http_req_receiving": {
            "avg": 0.0832906452380953,
            "max": 0.286264,
            "med": 0.07774900000000001,
            "min": 0.043921,
            "p(90)": 0.11241870000000001,
            "p(95)": 0.1252181
        },
        "http_req_sending": {
            "avg": 0.03141121428571427,
            "max": 0.191914,
            "med": 0.027968,
            "min": 0.013017,
            "p(90)": 0.044245,
            "p(95)": 0.05115759999999987
        },
        "http_req_tls_handshaking": {
            "avg": 0,
            "max": 0,
            "med": 0,
            "min": 0,
            "p(90)": 0,
            "p(95)": 0
        },
        "http_req_waiting": {
            "avg": 4938.778659373811,
            "max": 10160.299245,
            "med": 5151.342021,
            "min": 147.95565,
            "p(90)": 9153.3002261,
            "p(95)": 10150.9680587
        },
        "http_reqs": {
            "count": 420,
            "rate": 1.1590240350007581
        },
        "iteration_duration": {
            "avg": 5943.242065552376,
            "max": 11308.111534,
            "med": 6151.9132735,
            "min": 1148.433559,
            "p(90)": 10153.7062561,
            "p(95)": 11151.4427348
        },
        "iterations": {
            "count": 420,
            "rate": 1.1590240350007581
        },
        "vus": {
            "max": 10,
            "min": 1,
            "value": 1
        },
        "vus_max": {
            "max": 10,
            "min": 10,
            "value": 10
        }
    },
    "root_group": {
        "name": "",
        "path": "",
        "id": "d41d8cd98f00b204e9800998ecf8427e",
        "groups": {},
        "checks": {
            "status was 200": {
                "name": "status was 200",
                "path": "::status was 200",
                "id": "1461660757a913d4fb82ac4c5e1009de",
                "passes": 420,
                "fails": 0
            }
        }
    }
}
