{
    "metrics": {
        "checks": {
            "fails": 148,
            "passes": 637621,
            "value": 0
        },
        "data_received": {
            "count": 124973716,
            "rate": 37869.8863378863
        },
        "data_sent": {
            "count": 84888048,
            "rate": 25723.01466337959
        },
        "http_req_blocked": {
            "avg": 0.30982347472204036,
            "max": 1197.240262,
            "med": 0.005342,
            "min": 0,
            "p(90)": 0.00792520000000007,
            "p(95)": 0.008874
        },
        "http_req_connecting": {
            "avg": 0.1716850973283429,
            "max": 1197.143685,
            "med": 0,
            "min": 0,
            "p(90)": 0,
            "p(95)": 0
        },
        "http_req_duration": {
            "avg": 410.56979032433367,
            "max": 60000.471597,
            "med": 256.839689,
            "min": 143.360823,
            "p(90)": 357.5269706,
            "p(95)": 885.9244763999999
        },
        "http_req_receiving": {
            "avg": 0.061222399803063814,
            "max": 7.633245,
            "med": 0.057878,
            "min": 0,
            "p(90)": 0.08969820000000008,
            "p(95)": 0.101726
        },
        "http_req_sending": {
            "avg": 45.112723432345085,
            "max": 59647.86187,
            "med": 0.020478,
            "min": 0.005714,
            "p(90)": 0.036264,
            "p(95)": 0.041905
        },
        "http_req_tls_handshaking": {
            "avg": 0,
            "max": 0,
            "med": 0,
            "min": 0,
            "p(90)": 0,
            "p(95)": 0
        },
        "http_req_waiting": {
            "avg": 365.39584449218387,
            "max": 60000.091601,
            "med": 256.752259,
            "min": 143.265009,
            "p(90)": 357.0860632,
            "p(95)": 884.5664299999999
        },
        "http_reqs": {
            "count": 637769,
            "rate": 193.25855318111377
        },
        "iteration_duration": {
            "avg": 1411.0371854555144,
            "max": 61001.019727,
            "med": 1258.397068,
            "min": 1143.684814,
            "p(90)": 1358.4668442,
            "p(95)": 1886.26417385
        },
        "iterations": {
            "count": 637768,
            "rate": 193.25825015830586
        },
        "vus": {
            "max": 500,
            "min": 1,
            "value": 1
        },
        "vus_max": {
            "max": 500,
            "min": 500,
            "value": 500
        }
    },
    "root_group": {
        "name": "",
        "path": "",
        "id": "d41d8cd98f00b204e9800998ecf8427e",
        "groups": {},
        "checks": {
            "status was 200": {
                "name": "status was 200",
                "path": "::status was 200",
                "id": "1461660757a913d4fb82ac4c5e1009de",
                "passes": 637621,
                "fails": 148
            }
        }
    }
}
