{
  "metrics": {
    "checks": {
      "fails": 0,
      "passes": 897920,
      "value": 0
    },
    "data_received": {
      "count": 175992320,
      "rate": 53314.907382143094
    },
    "data_sent": {
      "count": 119423360,
      "rate": 36177.97286645424
    },
    "http_req_blocked": {
      "avg": 0.0067449220197789974,
      "max": 52.340199,
      "med": 0.004796,
      "min": 0.00255,
      "p(90)": 0.007588,
      "p(95)": 0.008947
    },
    "http_req_connecting": {
      "avg": 0.0004773747382840342,
      "max": 19.461005,
      "med": 0,
      "min": 0,
      "p(90)": 0,
      "p(95)": 0
    },
    "http_req_duration": {
      "avg": 1.7569046790315004,
      "max": 212.785399,
      "med": 1.3886690000000002,
      "min": 0.694547,
      "p(90)": 2.3607768999999994,
      "p(95)": 3.3587718999999985
    },
    "http_req_receiving": {
      "avg": 0.04296686786127867,
      "max": 18.242356,
      "med": 0.03637,
      "min": 0.015376,
      "p(90)": 0.062745,
      "p(95)": 0.07834304999999993
    },
    "http_req_sending": {
      "avg": 0.038141182789112,
      "max": 17.065706,
      "med": 0.014772,
      "min": 0.008205,
      "p(90)": 0.095111,
      "p(95)": 0.151436
    },
    "http_req_tls_handshaking": {
      "avg": 0,
      "max": 0,
      "med": 0,
      "min": 0,
      "p(90)": 0,
      "p(95)": 0
    },
    "http_req_waiting": {
      "avg": 1.6757966283810168,
      "max": 212.678292,
      "med": 1.297714,
      "min": 0.655829,
      "p(90)": 2.253747,
      "p(95)": 3.262980499999998
    },
    "http_reqs": {
      "count": 897920,
      "rate": 272.0148335823627
    },
    "iteration_duration": {
      "avg": 1002.0720440836443,
      "max": 1213.129063,
      "med": 1001.663871,
      "min": 1000.804071,
      "p(90)": 1002.6850219,
      "p(95)": 1003.90777765
    },
    "iterations": {
      "count": 897920,
      "rate": 272.0148335823627
    },
    "vus": {
      "max": 500,
      "min": 1,
      "value": 1
    },
    "vus_max": {
      "max": 500,
      "min": 500,
      "value": 500
    }
  },
  "root_group": {
    "name": "",
    "path": "",
    "id": "d41d8cd98f00b204e9800998ecf8427e",
    "groups": {},
    "checks": {
      "status was 200": {
        "name": "status was 200",
        "path": "::status was 200",
        "id": "1461660757a913d4fb82ac4c5e1009de",
        "passes": 897920,
        "fails": 0
      }
    }
  }
}
