{
  "metrics": {
    "checks": {
      "fails": 0,
      "passes": 896380,
      "value": 0
    },
    "data_received": {
      "count": 175690480,
      "rate": 53224.45307622716
    },
    "data_sent": {
      "count": 119218540,
      "rate": 36116.59315886843
    },
    "http_req_blocked": {
      "avg": 0.006821215188870628,
      "max": 265.206579,
      "med": 0.00484,
      "min": 0.002897,
      "p(90)": 0.00756,
      "p(95)": 0.008889
    },
    "http_req_connecting": {
      "avg": 0.00041618291461210656,
      "max": 16.818217,
      "med": 0,
      "min": 0,
      "p(90)": 0,
      "p(95)": 0
    },
    "http_req_duration": {
      "avg": 3.4956240664327436,
      "max": 3960.250898,
      "med": 1.1801525000000002,
      "min": 0.549386,
      "p(90)": 2.3469160999999983,
      "p(95)": 3.793524799999996
    },
    "http_req_receiving": {
      "avg": 0.04245162002833753,
      "max": 17.889785,
      "med": 0.03562,
      "min": 0.015249,
      "p(90)": 0.061909,
      "p(95)": 0.07621804999999993
    },
    "http_req_sending": {
      "avg": 0.039744047515563,
      "max": 20.475561,
      "med": 0.014627,
      "min": 0.008373,
      "p(90)": 0.09742309999999997,
      "p(95)": 0.16100604999999993
    },
    "http_req_tls_handshaking": {
      "avg": 0,
      "max": 0,
      "med": 0,
      "min": 0,
      "p(90)": 0,
      "p(95)": 0
    },
    "http_req_waiting": {
      "avg": 3.4134283988889673,
      "max": 3960.103516,
      "med": 1.094275,
      "min": 0.515071,
      "p(90)": 2.2363983,
      "p(95)": 3.6915290499999984
    },
    "http_reqs": {
      "count": 896380,
      "rate": 271.55333202156714
    },
    "iteration_duration": {
      "avg": 1003.7994952157067,
      "max": 4960.335474,
      "med": 1001.4126145,
      "min": 1000.662353,
      "p(90)": 1002.7048485,
      "p(95)": 1004.3513544
    },
    "iterations": {
      "count": 896380,
      "rate": 271.55333202156714
    },
    "vus": {
      "max": 500,
      "min": 1,
      "value": 1
    },
    "vus_max": {
      "max": 500,
      "min": 500,
      "value": 500
    }
  },
  "root_group": {
    "name": "",
    "path": "",
    "id": "d41d8cd98f00b204e9800998ecf8427e",
    "groups": {},
    "checks": {
      "status was 200": {
        "name": "status was 200",
        "path": "::status was 200",
        "id": "1461660757a913d4fb82ac4c5e1009de",
        "passes": 896380,
        "fails": 0
      }
    }
  }
}
